open_timestamp_utc,close_timestamp_utc,open,high,low,close,volume
1555671600,1555675199,21.54,21.6,21.36,21.47,927.49
1555675200,1555678799,21.43,21.49,21.27,21.37,957.02
1555678800,1555682399,21.29,21.55,21.15,21.3,1794.14
1555682400,1555685999,21.3,21.3,21.08,21.19,449.82
1555686000,1555689599,21.19,21.32,21.16,21.26,1236.26
1555689600,1555693199,21.25,21.73,21.24,21.6,1903.57
1555693200,1555696799,21.5,21.59,21.33,21.59,1349.58
1555696800,1555700399,21.53,21.92,21.5,21.91,2552.35
1555700400,1555703999,21.91,22.15,21.8,22.15,2052.66
1555704000,1555707599,22.08,22.64,22.06,22.15,4362.78
1555707600,1555711199,22.25,22.69,22.1,22.33,3824.13
1555711200,1555714799,22.32,22.37,22.03,22.21,1658.25
1555714800,1555718399,22.21,22.25,21.94,22.11,1482.23
1555718400,1555721999,22.14,22.17,21.96,22.04,683.98
1555722000,1555725599,22.03,22.12,21.95,21.97,769.65
1555725600,1555729199,21.97,22.07,21.83,21.87,2281.34
1555729200,1555732799,21.88,22.05,21.71,21.98,1370.05
1555732800,1555736399,21.93,22.14,21.86,21.98,955.76
1555736400,1555739999,22.1,22.1,21.87,22.05,1249.96
1555740000,1555743599,22.05,22.16,21.96,22.16,538.08
1555743600,1555747199,22.12,22.24,22.0,22.14,718.76
1555747200,1555750799,22.08,22.15,21.83,22.0,590.98
1555750800,1555754399,21.97,22.23,21.84,21.89,388.63
1555754400,1555757999,21.89,22.43,21.7,21.76,1142.98
1555758000,1555761599,21.84,21.86,21.56,21.71,467.6
1555761600,1555765199,21.67,21.76,21.51,21.57,1434.35
1555765200,1555768799,21.5,22.08,21.5,21.83,1322.33
1555768800,1555772399,21.69,21.84,21.65,21.84,499.11
1555772400,1555775999,21.84,22.13,21.42,21.61,6422.1
1555776000,1555779599,21.54,21.65,21.3,21.45,3522.86
1555779600,1555783199,21.45,21.68,21.4,21.5,1031.01
1555783200,1555786799,21.5,21.63,21.31,21.53,1030.44
1555786800,1555790399,21.53,21.72,21.47,21.62,940.26
1555790400,1555793999,21.62,21.87,21.62,21.7,1263.98
1555794000,1555797599,21.7,21.76,21.45,21.5,1178.97
1555797600,1555801199,21.48,21.5,21.43,21.5,368.87
1555801200,1555804799,21.5,21.76,21.47,21.68,637.13
1555804800,1555808399,21.68,21.73,21.58,21.62,335.5
1555808400,1555811999,21.61,21.62,21.43,21.46,532.28
1555812000,1555815599,21.53,21.57,21.44,21.51,362.4
1555815600,1555819199,21.51,21.69,21.5,21.56,614.49
1555819200,1555822799,21.54,21.6,21.41,21.45,608.93
1555822800,1555826399,21.5,21.57,21.15,21.4,1103.58
1555826400,1555829999,21.4,21.44,21.0,21.37,1492.11
1555830000,1555833599,21.39,21.45,21.31,21.39,699.51
1555833600,1555837199,21.34,21.39,20.81,20.85,577.67
1555837200,1555840799,20.85,20.92,20.2,20.22,2280.59
1555840800,1555844399,20.22,20.57,20.2,20.49,423.91
1555844400,1555847999,20.57,20.61,20.25,20.48,1212.42
1555848000,1555851599,20.53,20.57,20.11,20.41,402.43
1555851600,1555855199,20.37,20.44,20.11,20.38,1329.02
1555855200,1555858799,20.39,20.39,20.04,20.24,1852.84
1555858800,1555862399,20.24,20.25,20.04,20.25,1043.11
1555862400,1555865999,20.25,20.45,20.18,20.36,891.43
1555866000,1555869599,20.38,20.45,20.11,20.35,1305.51
1555869600,1555873199,20.36,20.41,20.24,20.34,411.46
1555873200,1555876799,20.34,20.43,20.24,20.43,536.51
1555876800,1555880399,20.4,20.53,20.34,20.44,354.32
1555880400,1555883999,20.37,20.64,20.36,20.6,281.71
1555884000,1555887599,20.6,20.93,20.55,20.92,736.93
1555887600,1555891199,20.92,21.0,20.83,20.96,708.28
1555891200,1555894799,20.98,21.18,20.96,21.03,1052.73
1555894800,1555898399,21.03,21.74,20.95,21.71,1169.58
1555898400,1555901999,21.68,23.91,21.63,23.79,13250.16
1555902000,1555905599,23.75,25.0,21.71,21.9,19744.43
1555905600,1555909199,21.91,22.31,21.84,22.31,1719.22
1555909200,1555912799,22.32,23.0,22.32,22.59,2293.39
1555912800,1555916399,22.54,22.56,21.92,21.96,2588.03
1555916400,1555919999,22.07,22.7,21.97,22.7,717.49
1555920000,1555923599,22.7,22.84,22.2,22.58,1250.65
1555923600,1555927199,22.48,22.67,22.38,22.62,610.43
1555927200,1555930799,22.6,22.69,22.12,22.42,670.74
1555930800,1555934399,22.42,22.54,22.3,22.37,1004.94
1555934400,1555937999,22.34,22.53,22.25,22.3,1430.1
1555938000,1555941599,22.29,22.8,22.29,22.74,2103.73
1555941600,1555945199,22.68,23.67,22.59,23.36,3486.53
1555945200,1555948799,23.48,23.77,22.79,22.8,5575.73
1555948800,1555952399,22.8,23.0,22.14,22.97,3401.59
1555952400,1555955999,22.97,23.0,22.68,22.94,3308.91
1555956000,1555959599,22.94,23.0,22.78,22.93,2458.14
1555959600,1555963199,22.79,22.92,22.24,22.53,3756.38
1555963200,1555966799,22.52,22.55,22.1,22.24,1171.18
1555966800,1555970399,22.19,22.92,22.1,22.33,2604.22
1555970400,1555973999,22.4,22.91,21.26,22.91,4615.61
1555974000,1555977599,22.89,22.92,22.56,22.87,5758.25
1555977600,1555981199,22.92,22.92,22.35,22.64,2044.44
1555981200,1555984799,22.63,22.73,22.41,22.52,588.24
1555984800,1555988399,22.53,22.55,22.06,22.27,1508.93
1555988400,1555991999,22.31,22.49,21.81,21.95,1526.3
1555992000,1555995599,21.9,22.3,21.79,22.09,2017.61
1555995600,1555999199,22.04,22.29,22.04,22.07,821.31
1555999200,1556002799,22.12,22.37,22.03,22.26,2629.78
1556002800,1556006399,22.23,22.43,22.08,22.23,1522.17
1556006400,1556009999,22.23,22.5,22.22,22.37,458.8
1556010000,1556013599,22.37,22.42,22.2,22.25,309.58
1556013600,1556017199,22.25,22.35,22.08,22.23,446.46
1556017200,1556020799,22.21,22.21,22.02,22.16,1050.52
1556020800,1556024399,22.25,22.25,22.02,22.07,508.95
1556024400,1556027999,22.06,22.25,21.89,22.1,2583.88
1556028000,1556031599,22.1,22.28,22.02,22.21,801.07
1556031600,1556035199,22.13,22.36,22.13,22.2,1424.16
1556035200,1556038799,22.2,22.24,22.11,22.24,832.32
1556038800,1556042399,22.25,22.29,22.15,22.19,394.35
1556042400,1556045999,22.15,22.21,22.01,22.14,280.05
1556046000,1556049599,22.06,22.12,21.81,21.87,587.03
1556049600,1556053199,21.88,21.89,21.71,21.72,1316.81
1556053200,1556056799,21.82,21.84,21.62,21.65,1827.04
1556056800,1556060399,21.65,21.99,21.37,21.84,1576.62
1556060400,1556063999,21.84,21.89,21.56,21.75,1472.17
1556064000,1556067599,21.69,22.18,21.69,21.95,840.55
1556067600,1556071199,21.82,21.99,21.38,21.48,2763.08
1556071200,1556074799,21.48,21.48,21.37,21.39,611.86
1556074800,1556078399,21.41,21.42,21.3,21.41,1615.29
1556078400,1556081999,21.42,21.56,21.26,21.26,987.36
1556082000,1556085599,21.28,21.32,21.14,21.32,409.61
1556085600,1556089199,21.37,21.37,21.18,21.28,166.11
1556089200,1556092799,21.26,21.28,20.52,20.68,998.29
1556092800,1556096399,20.65,21.11,20.61,20.8,970.58
1556096400,1556099999,20.75,20.84,20.66,20.71,306.47
1556100000,1556103599,20.69,20.69,20.37,20.37,1550.34
1556103600,1556107199,20.42,20.58,20.35,20.41,1013.02
1556107200,1556110799,20.49,20.67,20.49,20.64,505.6
1556110800,1556114399,20.64,20.78,20.44,20.54,568.83
1556114400,1556117999,20.47,20.67,20.41,20.62,827.15
1556118000,1556121599,20.62,20.76,20.56,20.76,1240.26
1556121600,1556125199,20.75,21.0,20.61,20.71,1743.26
1556125200,1556128799,20.64,20.82,20.55,20.71,523.4
1556128800,1556132399,20.69,20.79,20.5,20.7,596.79
1556132400,1556135999,20.89,21.24,20.79,21.09,871.47
1556136000,1556139599,21.13,22.27,21.13,21.72,3567.96
1556139600,1556143199,21.73,21.75,21.18,21.34,774.05
1556143200,1556146799,21.34,21.83,21.25,21.71,1196.13
1556146800,1556150399,21.66,21.9,21.59,21.83,1682.25
1556150400,1556153999,21.84,22.25,21.75,22.22,1990.54
1556154000,1556157599,22.22,22.38,22.11,22.23,835.42
1556157600,1556161199,22.1,22.21,21.79,21.79,1327.37
1556161200,1556164799,21.79,21.99,21.58,21.77,1829.46
1556164800,1556168399,21.71,22.03,21.62,21.62,2323.77
1556168400,1556171999,21.63,21.77,21.62,21.77,246.39
1556172000,1556175599,21.76,21.97,21.76,21.89,284.71
1556175600,1556179199,21.9,21.96,21.79,21.81,719.08
1556179200,1556182799,21.83,21.92,21.75,21.91,324.69
1556182800,1556186399,21.85,21.94,21.85,21.88,587.71
1556186400,1556189999,21.94,22.08,21.93,22.08,460.05
1556190000,1556193599,22.08,22.2,22.04,22.2,428.55
1556193600,1556197199,22.11,22.38,22.08,22.23,758.32
1556197200,1556200799,22.23,22.34,22.08,22.28,577.79
1556200800,1556204399,22.28,22.49,22.18,22.49,985.88
1556204400,1556207999,22.5,22.92,22.45,22.8,5307.17
1556208000,1556211599,22.8,22.86,22.31,22.43,2312.29
1556211600,1556215199,22.4,22.54,22.22,22.5,1282.25
1556215200,1556218799,22.48,22.76,22.23,22.71,1923.91
1556218800,1556222399,22.79,22.92,22.65,22.71,1946.16
1556222400,1556225999,22.71,23.1,22.48,22.57,3586.02
1556226000,1556229599,22.51,22.72,22.25,22.25,1404.43
1556229600,1556233199,22.16,22.16,20.48,20.91,10254.65
1556233200,1556236799,21.01,21.25,20.81,21.1,1617.03
1556236800,1556240399,21.1,21.22,20.51,20.68,3976.37
1556240400,1556243999,20.69,20.85,20.55,20.64,1250.65
1556244000,1556247599,20.69,21.27,20.57,21.0,1756.19
1556247600,1556251199,21.01,21.28,20.83,21.0,1473.42
1556251200,1556254799,21.05,21.17,20.81,20.83,384.77
1556254800,1556258399,20.84,21.07,20.83,20.94,824.29
1556258400,1556261999,20.83,21.1,20.79,20.81,775.74
1556262000,1556265599,20.8,21.06,20.79,21.06,235.94
1556265600,1556269199,20.92,21.29,20.92,21.09,314.43
1556269200,1556272799,21.07,21.14,20.95,21.01,163.05
1556272800,1556276399,21.01,21.22,20.81,20.98,931.52
1556276400,1556279999,20.96,21.17,20.79,21.07,942.45
1556280000,1556283599,21.05,21.73,20.9,21.7,1111.76
1556283600,1556287199,21.74,22.14,21.66,21.87,1718.66
1556287200,1556290799,21.83,22.12,21.81,22.1,1153.01
1556290800,1556294399,22.02,22.12,21.68,21.82,1225.8
1556294400,1556297999,21.83,21.83,21.35,21.53,2343.67
1556298000,1556301599,21.44,21.65,21.27,21.64,873.52
1556301600,1556305199,21.63,21.63,21.07,21.11,1085.69
1556305200,1556308799,21.16,21.21,21.02,21.17,798.16
1556308800,1556312399,21.14,21.37,21.14,21.26,133.92
1556312400,1556315999,21.26,21.28,21.0,21.21,1469.72
1556316000,1556319599,21.22,21.99,21.22,21.42,5082.1
1556319600,1556323199,21.42,21.79,21.42,21.69,315.61
1556323200,1556326799,21.69,21.78,21.65,21.76,325.99
1556326800,1556330399,21.76,21.85,21.71,21.71,223.95
1556330400,1556333999,21.71,21.76,21.43,21.56,288.82
1556334000,1556337599,21.56,21.56,21.22,21.28,336.52
1556337600,1556341199,21.27,21.31,21.16,21.31,296.91
1556341200,1556344799,21.31,21.51,21.22,21.31,335.62
1556344800,1556348399,21.45,21.45,21.16,21.2,470.15
1556348400,1556351999,21.23,21.28,21.16,21.28,91.08
1556352000,1556355599,21.22,21.36,21.17,21.23,537.92
1556355600,1556359199,21.21,21.47,21.17,21.34,120.94
1556359200,1556362799,21.34,21.53,21.15,21.27,334.07
1556362800,1556366399,21.16,21.3,21.15,21.26,147.93
1556366400,1556369999,21.26,21.35,21.15,21.34,558.96
1556370000,1556373599,21.22,21.44,21.19,21.32,138.08
1556373600,1556377199,21.3,21.57,21.24,21.29,425.56
1556377200,1556380799,21.35,21.48,21.33,21.43,327.95
1556380800,1556384399,21.42,21.7,21.38,21.7,458.17
1556384400,1556387999,21.7,21.85,21.65,21.85,699.85
1556388000,1556391599,21.85,21.92,21.73,21.8,529.97
1556391600,1556395199,21.79,22.0,21.74,21.96,1484.29
1556395200,1556398799,21.94,22.0,21.6,21.69,512.44
1556398800,1556402399,21.62,21.77,21.5,21.53,163.28
1556402400,1556405999,21.57,21.69,21.52,21.61,376.14
1556406000,1556409599,21.61,21.63,21.37,21.39,639.41
1556409600,1556413199,21.39,21.95,21.37,21.95,2069.26
1556413200,1556416799,21.58,21.75,21.58,21.75,407.68
1556416800,1556420399,21.73,21.88,21.64,21.74,269.7
1556420400,1556423999,21.76,21.89,21.76,21.87,50.48
1556424000,1556427599,21.87,21.87,21.8,21.86,54.99
1556427600,1556431199,21.84,21.84,21.73,21.82,247.87
1556431200,1556434799,21.85,21.86,21.77,21.77,228.28
1556434800,1556438399,21.84,21.89,21.82,21.88,126.96
1556438400,1556441999,21.88,21.88,21.81,21.88,79.15
1556442000,1556445599,21.84,21.88,21.77,21.82,200.83
1556445600,1556449199,21.82,21.88,21.82,21.88,52.76
1556449200,1556452799,21.87,21.87,21.63,21.71,286.17
1556452800,1556456399,21.65,21.71,21.64,21.69,225.95
1556456400,1556459999,21.69,21.69,21.17,21.17,774.28
1556460000,1556463599,21.21,21.61,21.16,21.51,1396.24
1556463600,1556467199,21.43,21.65,21.35,21.65,830.77
1556467200,1556470799,21.65,21.8,21.37,21.37,734.34
1556470800,1556474399,21.39,21.6,21.18,21.39,1036.75
1556474400,1556477999,21.35,21.37,21.21,21.25,464.01
1556478000,1556481599,21.22,21.32,21.1,21.28,895.21
1556481600,1556485199,21.23,21.36,21.1,21.14,234.62
1556485200,1556488799,21.14,21.18,20.83,20.88,1838.08
1556488800,1556492399,20.88,21.36,20.87,21.36,1577.09
1556492400,1556495999,21.2,21.23,20.95,21.09,334.01
1556496000,1556499599,21.03,21.14,20.96,20.98,198.88
1556499600,1556503199,21.05,21.1,20.98,21.1,80.76
1556503200,1556506799,21.05,21.1,20.99,21.08,202.96
1556506800,1556510399,21.11,21.35,20.99,21.0,426.84
1556510400,1556513999,21.05,21.05,20.63,20.71,5050.09
1556514000,1556517599,20.7,20.72,20.49,20.59,327.58
1556517600,1556521199,20.58,20.62,20.5,20.59,184.07
1556521200,1556524799,20.53,20.61,20.52,20.58,1004.13
1556524800,1556528399,20.52,20.57,20.44,20.5,330.15
1556528400,1556531999,20.5,20.51,20.03,20.2,2151.05
1556532000,1556535599,20.2,20.2,19.8,19.87,1036.59
1556535600,1556539199,19.86,19.89,19.76,19.89,418.06
1556539200,1556542799,19.8,19.85,19.6,19.7,930.89
1556542800,1556546399,19.69,19.72,19.45,19.66,875.77
1556546400,1556549999,19.74,20.71,19.65,20.06,1728.52
1556550000,1556553599,20.16,20.19,20.05,20.15,372.44
1556553600,1556557199,20.15,20.6,20.15,20.6,737.2
1556557200,1556560799,20.59,20.64,20.56,20.64,825.62
1556560800,1556564399,20.64,20.69,20.15,20.56,2202.53
1556564400,1556567999,20.59,20.6,20.15,20.6,1469.35
1556568000,1556571599,20.59,20.6,20.18,20.6,1549.42
1556571600,1556575199,20.6,20.61,20.56,20.59,1619.88
1556575200,1556578799,20.59,20.6,20.22,20.26,762.8
1556578800,1556582399,20.33,20.38,20.22,20.28,865.3
1556582400,1556585999,20.22,20.38,20.2,20.3,312.61
1556586000,1556589599,20.39,20.46,20.08,20.44,915.03
1556589600,1556593199,20.48,20.49,20.26,20.3,1167.68
1556593200,1556596799,20.4,20.45,20.27,20.29,286.88
1556596800,1556600399,20.32,20.44,20.24,20.32,1087.39
1556600400,1556603999,20.32,20.32,20.24,20.3,69.07
1556604000,1556607599,20.25,20.29,20.19,20.26,178.92
1556607600,1556611199,20.18,20.32,20.15,20.27,95.92
1556611200,1556614799,20.26,20.32,20.24,20.32,251.73
1556614800,1556618399,20.29,20.75,20.14,20.31,2820.69
1556618400,1556621999,20.3,20.8,20.3,20.55,1115.96
1556622000,1556625599,20.55,20.78,20.54,20.78,324.73
1556625600,1556629199,20.78,20.8,20.69,20.8,972.48
1556629200,1556632799,20.75,20.8,20.65,20.8,1468.36
1556632800,1556636399,20.79,21.0,20.77,20.91,2610.7
1556636400,1556639999,20.9,20.91,20.7,20.7,459.19
1556640000,1556643599,20.71,20.72,20.63,20.72,53.91
1556643600,1556647199,20.73,20.89,20.66,20.76,481.11
1556647200,1556650799,20.69,20.69,20.62,20.63,2088.2
1556650800,1556654399,20.67,20.75,20.59,20.64,427.23
1556654400,1556657999,20.59,20.6,20.5,20.51,416.01
1556658000,1556661599,20.57,20.92,20.5,20.65,995.28
1556661600,1556665199,20.69,21.38,20.64,21.37,3914.57
1556665200,1556668799,21.13,21.65,20.85,21.01,3990.65
1556668800,1556672399,21.01,21.16,20.93,21.0,804.72
1556672400,1556675999,21.0,21.2,20.34,20.7,4498.05
1556676000,1556679599,20.7,20.84,20.61,20.8,885.3
1556679600,1556683199,20.77,20.77,20.38,20.55,544.27
1556683200,1556686799,20.46,20.51,20.19,20.23,1540.58
1556686800,1556690399,20.28,20.36,20.24,20.35,742.62
1556690400,1556693999,20.35,20.5,20.34,20.37,1204.57
1556694000,1556697599,20.37,20.44,20.37,20.38,381.48
1556697600,1556701199,20.43,20.44,20.23,20.3,406.76
1556701200,1556704799,20.27,20.52,20.23,20.33,420.85
1556704800,1556708399,20.32,20.32,20.24,20.31,200.4
1556708400,1556711999,20.36,20.39,20.28,20.28,430.37
1556712000,1556715599,20.33,20.34,20.16,20.21,420.88
1556715600,1556719199,20.21,20.22,20.05,20.16,510.07
1556719200,1556722799,20.16,20.17,20.11,20.15,833.28
1556722800,1556726399,20.15,20.22,20.06,20.12,219.05
1556726400,1556729999,20.07,20.14,19.97,20.14,882.3
1556730000,1556733599,20.16,20.51,20.15,20.47,1062.6
1556733600,1556737199,20.45,20.48,20.17,20.23,335.62
1556737200,1556740799,20.11,20.24,20.07,20.2,604.4
1556740800,1556744399,20.22,20.4,20.18,20.22,189.21
1556744400,1556747999,20.27,20.27,20.18,20.18,218.18
1556748000,1556751599,20.22,20.22,20.1,20.2,231.92
1556751600,1556755199,20.2,20.36,20.11,20.36,160.7
1556755200,1556758799,20.29,20.46,20.29,20.4,225.64
1556758800,1556762399,20.4,20.48,20.39,20.39,392.17
1556762400,1556765999,20.39,20.46,20.3,20.46,293.45
1556766000,1556769599,20.45,20.69,20.4,20.69,208.45
1556769600,1556773199,20.67,20.7,20.54,20.69,552.45
1556773200,1556776799,20.65,20.79,20.57,20.62,1066.0
1556776800,1556780399,20.67,20.73,20.5,20.5,445.8
1556780400,1556783999,20.51,20.63,20.3,20.3,363.73
1556784000,1556787599,20.3,20.44,20.24,20.36,159.82
1556787600,1556791199,20.38,20.45,20.3,20.3,1490.95
1556791200,1556794799,20.35,20.39,20.35,20.39,17.95
1556794800,1556798399,20.36,20.39,20.27,20.37,354.43
1556798400,1556801999,20.37,20.39,20.28,20.33,204.12
1556802000,1556805599,20.35,20.35,20.11,20.25,616.38
1556805600,1556809199,20.26,20.32,20.25,20.25,793.27
1556809200,1556812799,20.2,20.33,20.18,20.26,269.69
1556812800,1556816399,20.32,20.49,20.15,20.22,704.19
1556816400,1556819999,20.23,20.27,20.15,20.15,345.6
1556820000,1556823599,20.15,20.16,20.0,20.0,581.0
1556823600,1556827199,20.01,20.11,19.96,20.01,518.45
1556827200,1556830799,20.0,20.16,19.98,20.16,356.17
1556830800,1556834399,20.09,20.16,20.01,20.04,308.37
1556834400,1556837999,20.04,20.12,20.01,20.11,383.58
1556838000,1556841599,20.09,20.09,20.0,20.04,270.74
1556841600,1556845199,19.99,20.1,19.91,20.07,847.11
1556845200,1556848799,20.03,20.15,19.99,20.04,292.46
1556848800,1556852399,20.06,20.08,19.93,20.01,512.81
1556852400,1556855999,19.99,20.12,19.99,20.02,436.94
1556856000,1556859599,20.07,20.13,19.93,20.13,997.4
1556859600,1556863199,20.05,20.13,20.0,20.13,188.79
1556863200,1556866799,20.04,20.04,19.7,19.72,1300.27
1556866800,1556870399,19.75,19.96,19.62,19.73,965.37
1556870400,1556873999,19.71,20.03,19.61,19.65,559.78
1556874000,1556877599,19.65,20.82,19.61,20.82,2288.89
1556877600,1556881199,20.65,20.75,20.4,20.53,460.78
1556881200,1556884799,20.5,20.74,20.47,20.62,639.62
1556884800,1556888399,20.62,20.82,20.56,20.82,509.07
1556888400,1556891999,20.82,20.82,20.61,20.72,1027.52
1556892000,1556895599,20.67,20.74,20.51,20.53,1217.75
1556895600,1556899199,20.5,20.63,20.35,20.44,2260.18
1556899200,1556902799,20.42,20.44,20.11,20.34,1000.29
1556902800,1556906399,20.35,20.72,20.34,20.59,2578.62
1556906400,1556909999,20.56,20.68,20.49,20.67,312.51
1556910000,1556913599,20.63,20.67,20.54,20.66,535.25
1556913600,1556917199,20.66,20.72,20.52,20.67,1050.61
1556917200,1556920799,20.63,20.67,20.49,20.5,699.0
1556920800,1556924399,20.5,20.53,20.31,20.46,565.55
1556924400,1556927999,20.45,20.48,20.3,20.45,133.99
1556928000,1556931599,20.35,20.72,20.35,20.7,1080.2
1556931600,1556935199,20.63,21.14,20.63,21.14,2479.33
1556935200,1556938799,20.79,21,20.73,20.94,1607.64
1556938800,1556942399,20.92,20.96,20.67,20.76,333.03
1556942400,1556945999,20.76,20.76,20.49,20.49,879.74
1556946000,1556949599,20.49,20.49,20.32,20.35,660.95
1556949600,1556953199,20.32,20.52,20.32,20.5,126.84
1556953200,1556956799,20.5,20.54,20.35,20.35,269.16
1556956800,1556960399,20.38,20.38,20.17,20.24,63.65
1556960400,1556963999,20.25,20.3,20.19,20.25,70.5
1556964000,1556967599,20.21,20.34,20.13,20.2,185.94
1556967600,1556971199,20.25,20.39,20.22,20.28,113.41
1556971200,1556974799,20.27,20.32,20.03,20.05,224.62
1556974800,1556978399,20.03,20.11,19.74,19.89,1105.86
1556978400,1556981999,19.96,19.99,19.77,19.96,141.72
1556982000,1556985599,19.96,19.96,19.72,19.72,317.92
1556985600,1556989199,19.78,19.91,19.72,19.85,325.05
1556989200,1556992799,19.75,20.09,19.75,19.9,176.96
1556992800,1556996399,19.81,20.04,19.77,19.97,139.04
1556996400,1556999999,19.91,19.94,19.8,19.91,318.89
1557000000,1557003599,19.93,20.19,19.93,20.16,485.08
1557003600,1557007199,20.13,20.32,20.07,20.23,1131.94
1557007200,1557010799,20.19,20.41,20.1,20.2,651.66
1557010800,1557014399,20.28,20.28,19.98,20.06,379.13
1557014400,1557017999,20.06,20.12,20.05,20.12,833.12
1557018000,1557021599,20.07,20.09,20.05,20.07,291.81
1557021600,1557025199,20.1,20.25,20.05,20.1,74.13
1557025200,1557028799,20.03,20.13,20,20.11,38.63
1557028800,1557032399,20.1,20.1,19.97,19.97,432.48
1557032400,1557035999,20.04,20.05,19.97,19.97,596.51
1557036000,1557039599,20.01,20.05,19.94,19.99,562.18
1557039600,1557043199,19.98,19.98,19.89,19.94,98.68
1557043200,1557046799,19.95,20.03,19.93,19.97,94.4
1557046800,1557050399,19.94,19.99,19.86,19.88,28.12
1557050400,1557053999,19.92,20.06,19.92,20.04,10.79
1557054000,1557057599,20.02,20.09,19.96,20,88.59
1557057600,1557061199,20.02,20.14,20.01,20.14,52.81
1557061200,1557064799,20.15,20.21,20.08,20.12,208.82
1557064800,1557068399,20.13,20.26,20.09,20.21,72.52
1557068400,1557071999,20.25,20.28,20.21,20.26,194.66
1557072000,1557075599,20.28,20.32,20.13,20.16,191.88
1557075600,1557079199,20.16,20.19,20,20.16,498.56
1557079200,1557082799,20.08,20.08,19.83,20,111.24
1557082800,1557086399,19.99,20.13,19.98,20.13,125.03
1557086400,1557089999,20.08,20.3,20.08,20.29,336.19
1557090000,1557093599,20.3,20.3,20.03,20.11,107.69
1557093600,1557097199,20.18,20.23,20.02,20.02,257.96
1557097200,1557100799,20.01,20.19,20,20,40.49
1557100800,1557104399,20,20,19.78,19.79,370.5
1557104400,1557107999,19.88,20.08,19.75,19.84,1326.3
1557108000,1557111599,19.89,19.91,19.5,19.84,1537.43
1557111600,1557115199,19.83,19.91,19.51,19.82,2067.23
1557115200,1557118799,19.82,19.86,19.8,19.86,414.46
1557118800,1557122399,19.91,19.92,19.89,19.92,43.13
1557122400,1557125999,19.92,19.92,19.74,19.88,104.78
1557126000,1557129599,19.87,19.89,19.71,19.74,300.22
1557129600,1557133199,19.75,19.77,19.56,19.71,572.38
1557133200,1557136799,19.67,19.85,19.65,19.76,619.54
1557136800,1557140399,19.81,19.92,19.81,19.87,64.48
1557140400,1557143999,19.88,19.93,19.83,19.93,115.24
1557144000,1557147599,19.88,19.91,19.7,19.76,764.67
1557147600,1557151199,19.74,19.85,19.69,19.85,109.65
1557151200,1557154799,19.85,19.93,19.82,19.86,781.29
1557154800,1557158399,19.86,20.07,19.86,20.07,860.89
1557158400,1557161999,20.07,20.36,19.99,20.22,1356.23
1557162000,1557165599,20.22,20.5,20.19,20.29,702.23
1557165600,1557169199,20.28,20.45,20.21,20.33,671.8
1557169200,1557172799,20.34,20.39,20.26,20.26,189.09
1557172800,1557176399,20.28,20.34,20.17,20.26,96.04
1557176400,1557179999,20.29,20.42,20.19,20.42,228.03
1557180000,1557183599,20.42,20.55,20.38,20.54,363.96
1557183600,1557187199,20.55,20.75,20.52,20.73,780.83
1557187200,1557190799,20.75,20.98,20.7,20.84,1907.53
1557190800,1557194399,20.88,20.94,20.77,20.85,621.35
1557194400,1557197999,20.85,20.99,20.82,20.99,865.68
1557198000,1557201599,21.03,21.1,20.57,20.6,1721.23
1557201600,1557205199,20.6,20.66,20.42,20.47,1008.66
1557205200,1557208799,20.45,20.77,20.45,20.69,160.84
1557208800,1557212399,20.65,20.77,20.63,20.73,74.15
1557212400,1557215999,20.73,20.74,20.51,20.58,121.23
1557216000,1557219599,20.61,20.64,20.51,20.51,187.18
1557219600,1557223199,20.64,20.88,20.56,20.74,84.88
1557223200,1557226799,20.72,20.85,20.65,20.8,458.53
1557226800,1557230399,20.75,20.8,20.56,20.69,508.59
1557230400,1557233999,20.58,20.71,20.52,20.52,295.82
1557234000,1557237599,20.61,20.67,20.51,20.67,638.89
1557237600,1557241199,20.59,20.68,20.05,20.19,2033.03
1557241200,1557244799,20.15,20.26,20.08,20.17,399.5
1557244800,1557248399,20.19,20.25,20.03,20.14,307.61
1557248400,1557251999,20.19,20.19,20.13,20.13,325.55
1557252000,1557255599,20.13,20.13,20,20.07,319.41
1557255600,1557259199,20.07,20.07,19.76,19.91,1479.94
1557259200,1557262799,19.99,20.05,19.9,19.95,284.18
1557262800,1557266399,19.92,19.98,19.8,19.89,233.04
1557266400,1557269999,19.87,19.98,19.82,19.86,182.04
1557270000,1557273599,19.96,20.1,19.69,19.87,894.61
1557273600,1557277199,19.7,19.97,19.64,19.94,593.82
1557277200,1557280799,19.94,19.97,19.7,19.75,397.82
1557280800,1557284399,19.75,19.83,19.75,19.75,317.89
1557284400,1557287999,19.7,19.7,19.54,19.54,250.74
1557288000,1557291599,19.6,19.75,19.57,19.69,266.84
1557291600,1557295199,19.72,19.73,19.63,19.72,211.21
1557295200,1557298799,19.67,19.85,19.63,19.78,449.47
1557298800,1557302399,19.78,19.83,19.7,19.81,105.41
1557302400,1557305999,19.76,19.79,19.65,19.65,15.33
1557306000,1557309599,19.67,20,19.64,19.76,308.41
1557309600,1557313199,19.77,19.83,19.65,19.71,121.9
1557313200,1557316799,19.66,19.83,19.64,19.83,95.12
1557316800,1557320399,19.83,19.83,19.69,19.78,64.33
1557320400,1557323999,19.7,19.84,19.7,19.83,216.8
1557324000,1557327599,19.78,19.83,19.63,19.64,240.49
1557327600,1557331199,19.77,19.9,19.64,19.86,316.46
1557331200,1557334799,19.86,19.95,19.63,19.82,476.49
1557334800,1557338399,19.84,19.85,19.65,19.85,56.72
1557338400,1557341999,19.84,19.84,19.65,19.66,307.97
1557342000,1557345599,19.81,19.83,19.65,19.66,131.71
1557345600,1557349199,19.75,19.81,19.65,19.65,274
1557349200,1557352799,19.81,19.82,19.52,19.76,1172.2
1557352800,1557356399,19.76,19.98,19.6,19.9,1804.15
1557356400,1557359999,19.8,19.94,19.63,19.81,972.91
1557360000,1557363599,19.82,20.06,19.82,20.06,417.94
1557363600,1557367199,20.06,20.16,19.97,20.1,597.23
1557367200,1557370799,20.14,20.14,19.99,20.07,133.56
1557370800,1557374399,20.07,20.07,20,20.01,214.44
1557374400,1557377999,20.01,20.05,19.91,20.05,177.64
1557378000,1557381599,20.05,20.05,19.83,19.83,138.64
1557381600,1557385199,19.8,19.9,19.78,19.9,85.61
1557385200,1557388799,19.9,19.9,19.78,19.79,148.73
1557388800,1557392399,19.81,19.84,19.75,19.81,113.08
1557392400,1557395999,19.79,19.89,19.7,19.73,93.8
1557396000,1557399599,19.79,19.79,19.7,19.7,98.09
1557399600,1557403199,19.7,19.76,19.61,19.74,57.34
1557403200,1557406799,19.73,19.73,19.47,19.5,381.05
1557406800,1557410399,19.5,19.67,19.47,19.62,328.19
1557410400,1557413999,19.59,19.66,19.47,19.62,791.99
1557414000,1557417599,19.66,19.77,19.54,19.67,116.41
1557417600,1557421199,19.53,19.68,19.4,19.4,681.34
1557421200,1557424799,19.4,19.46,19,19.09,1495.11
1557424800,1557428399,19.01,19.11,18.8,18.9,1130.26
1557428400,1557431999,18.95,19.55,18.81,19.06,867.4
1557432000,1557435599,19.06,19.11,18.8,18.8,543.26
1557435600,1557439199,18.83,19.2,18.8,19.01,277.6
1557439200,1557442799,18.99,19.23,18.79,19.1,467.67
1557442800,1557446399,19.07,19.2,19,19.09,961.7
1557446400,1557449999,19.09,19.11,19,19,83.1
1557450000,1557453599,19,19.09,18.87,19.07,110.19
1557453600,1557457199,19.07,19.52,18.97,19.3,1119.44
1557457200,1557460799,19.25,19.41,18.76,18.84,1017.24
1557460800,1557464399,18.75,19.2,18.66,19.2,471.33
1557464400,1557467999,19.18,19.45,19.05,19.1,1212.65
1557468000,1557471599,19.16,19.32,19.05,19.16,317.15
1557471600,1557475199,19.17,19.49,19.06,19.24,249.29
1557475200,1557478799,19.16,19.55,19.05,19.23,1575.45
1557478800,1557482399,19.23,19.4,19.06,19.06,144.98
1557482400,1557485999,19.08,19.4,19.06,19.12,166.02
1557486000,1557489599,19.32,19.49,19.13,19.22,600.89
1557489600,1557493199,19.27,19.74,19.22,19.74,1388.01
1557493200,1557496799,19.74,20.16,19.5,19.53,1377.22
1557496800,1557500399,19.76,19.79,19.18,19.26,4809.51
1557500400,1557503999,19.27,19.48,19.24,19.45,331.41
1557504000,1557507599,19.36,19.45,19.19,19.37,548.79
1557507600,1557511199,19.3,19.5,19.23,19.48,652.8
1557511200,1557514799,19.48,19.5,19.32,19.49,216.66
1557514800,1557518399,19.5,19.75,19.33,19.43,330
1557518400,1557521999,19.47,19.74,19.37,19.58,360.42
1557522000,1557525599,19.58,19.8,19.38,19.72,318.49
1557525600,1557529199,19.69,19.85,19.69,19.85,284.57
1557529200,1557532799,19.84,19.88,19.83,19.88,385.56
1557532800,1557536399,19.87,19.95,19.83,19.83,359.62
1557536400,1557539999,19.85,20.1,19.83,20.1,380.57
1557540000,1557543599,20.1,20.17,19.92,20,1686.41
1557543600,1557547199,20.13,20.13,19.84,19.89,193.65
1557547200,1557550799,19.9,20.26,19.77,20.13,824.33
1557550800,1557554399,19.99,20.1,19.71,19.91,516.67
1557554400,1557557999,19.9,20.39,19.9,20.33,1273.57
1557558000,1557561599,20.27,20.39,19.99,20.14,289.97
1557561600,1557565199,20.06,20.15,19.81,19.91,597.57
1557565200,1557568799,20.02,20.33,19.95,20.08,552.31
1557568800,1557572399,20.26,20.6,19.93,20.53,2664.23
1557572400,1557575999,20.52,20.55,20.27,20.43,722.78
1557576000,1557579599,20.42,20.42,19.95,20.12,588.1
1557579600,1557583199,20.12,20.22,19.83,20.1,1418.39
1557583200,1557586799,20.12,20.29,19.97,20.21,1529.02
1557586800,1557590399,20.02,20.4,20.01,20.4,1545.53
1557590400,1557593999,20.4,20.79,20.26,20.5,3911.64
1557594000,1557597599,20.42,21,20.42,20.85,3996.51
1557597600,1557601199,20.9,21.1,20.74,20.84,2000.62
1557601200,1557604799,20.84,21.18,20.83,21.09,2309.24
1557604800,1557608399,21.01,21.9,21.01,21.6,2161.97
1557608400,1557611999,21.6,21.86,20.77,21.2,5744.58
1557612000,1557615599,21.2,21.47,20.93,21.15,3044.23
1557615600,1557619199,21.28,21.44,21.11,21.26,5978.04
1557619200,1557622799,21.17,21.4,20.17,20.4,4157.95
1557622800,1557626399,20.62,20.96,20.47,20.87,1607.4
1557626400,1557629999,20.87,21.05,20.74,20.96,1204.03
1557630000,1557633599,20.71,20.89,20.57,20.8,399.3
1557633600,1557637199,20.71,20.9,20.48,20.74,287.93
1557637200,1557640799,20.85,21.05,20.74,21.01,387.04
1557640800,1557644399,21.05,21.13,20.85,21.05,666.08
1557644400,1557647999,21.04,21.19,20.94,20.96,570.73
1557648000,1557651599,20.96,21.5,20.63,21.14,2803.88
1557651600,1557655199,21.06,21.35,20.81,21.12,815.76
1557655200,1557658799,21.1,21.14,20.61,20.7,529.93
1557658800,1557662399,20.71,20.96,20.2,20.51,851.94
1557662400,1557665999,20.72,20.8,20.18,20.71,712.36
1557666000,1557669599,20.71,21.19,20.71,20.81,931.09
1557669600,1557673199,20.89,21.37,20.8,21.08,2122.76
1557673200,1557676799,20.91,21.14,20.1,20.19,6291.48
1557676800,1557680399,20.25,20.58,19.85,20.04,1756.13
1557680400,1557683999,20.06,20.16,19.84,19.9,258.18
1557684000,1557687599,19.94,20.26,19.83,20.16,1386.22
1557687600,1557691199,20.16,20.16,19.87,19.99,274.49
1557691200,1557694799,19.92,20.4,19.92,20.3,632.84
1557694800,1557698399,20.3,20.35,20.1,20.26,767.76
1557698400,1557701999,20.13,20.16,19.89,20.03,825.25
1557702000,1557705599,19.91,20.11,19.9,20.11,139.26
1557705600,1557709199,20.11,20.21,19.91,20.12,284.75
1557709200,1557712799,20.18,20.23,19.9,19.91,1030.41
1557712800,1557716399,20.05,20.14,19.91,20.13,1329.66
1557716400,1557719999,20.12,20.13,20.01,20.1,673.08
1557720000,1557723599,20.11,20.25,20.1,20.24,284.34
1557723600,1557727199,20.31,20.33,20.01,20.01,442.06
1557727200,1557730799,20,20.09,19.91,20.02,360.88
1557730800,1557734399,20.04,20.04,19.91,20,83.4
1557734400,1557737999,20,20.04,19.91,19.95,332.1
1557738000,1557741599,20,20.17,19.92,20.17,190.17
1557741600,1557745199,20.06,20.21,20.06,20.18,204.76
1557745200,1557748799,20.16,20.43,20.16,20.32,548.8
1557748800,1557752399,20.33,20.38,20.32,20.37,326.15
1557752400,1557755999,20.37,20.64,20.35,20.52,1081.04
1557756000,1557759599,20.45,20.79,20.43,20.69,1169.69
1557759600,1557763199,20.66,21.35,20.65,21.1,6898.35
1557763200,1557766799,21.14,21.34,20.86,20.86,2006.6
1557766800,1557770399,21.07,21.23,20.52,20.73,3144.32
1557770400,1557773999,20.55,20.77,20.53,20.7,691.24
1557774000,1557777599,20.77,20.99,20.56,20.82,1454.19
1557777600,1557781199,20.8,20.8,20.6,20.61,912.63
1557781200,1557784799,20.66,20.99,20.61,20.68,1685.73
1557784800,1557788399,20.85,20.9,20.6,20.83,1665.19
1557788400,1557791999,20.67,20.75,20.31,20.69,867.45
1557792000,1557795599,20.56,20.8,20.55,20.63,304.33
1557795600,1557799199,20.75,20.89,20.56,20.66,517.69
1557799200,1557802799,20.62,20.82,20.5,20.74,1452.78
1557802800,1557806399,20.64,20.91,20.63,20.87,895.55
1557806400,1557809999,20.91,21.09,20.84,21.03,1654.41
1557810000,1557813599,21.04,21.25,21.04,21.2,2132.08
1557813600,1557817199,21.1,21.3,21.08,21.3,820.62
1557817200,1557820799,21.3,21.37,21.08,21.37,2910.88
1557820800,1557824399,21.38,21.4,20.47,20.94,2017.93
1557824400,1557827999,21.08,21.26,20.93,21.03,541.09
1557828000,1557831599,21.01,21.09,20.65,20.95,672.14
1557831600,1557835199,21.04,21.21,20.84,21.05,482.13
1557835200,1557838799,21.03,21.27,20.95,21.16,535.14
1557838800,1557842399,21.19,21.23,21,21.09,2223.97
1557842400,1557845999,21.09,21.2,20.95,21.18,1881.7
1557846000,1557849599,21.16,21.2,21,21,1319.54
1557849600,1557853199,21,21.18,20.65,21.11,1369.5
1557853200,1557856799,21.14,21.2,21.02,21.2,983.25
1557856800,1557860399,21.2,21.33,20.84,20.95,1260.9
1557860400,1557863999,20.92,21,20.7,20.91,1563.55
1557864000,1557867599,20.97,21,20.7,20.7,1756.59
1557867600,1557871199,20.7,21.09,20.69,21.07,1021.39
1557871200,1557874799,21.02,21.15,20.85,21.15,1867.76
1557874800,1557878399,21.15,21.2,20.97,21.19,1809.97
1557878400,1557881999,21.19,21.2,20.92,21.2,2555.31
1557882000,1557885599,21.19,21.85,21.05,21.85,2554.49
1557885600,1557889199,21.85,22.87,21.84,22.87,4912.76
1557889200,1557892799,22.86,22.88,22.16,22.32,2499.31
1557892800,1557896399,22.68,22.68,22.18,22.25,916.98
1557896400,1557899999,22.39,23.65,22.19,23.64,4448.73
1557900000,1557903599,23.03,24,23.03,23.9,2059.92
1557903600,1557907199,23.72,24.23,23.43,23.78,3004.95
1557907200,1557910799,23.72,24.08,23.43,23.8,1126.11
1557910800,1557914399,23.8,24.65,23.44,23.77,2914.82
1557914400,1557917999,23.43,23.78,23.3,23.3,1120.82
1557918000,1557921599,23.54,23.75,23.3,23.68,959.89
1557921600,1557925199,23.33,23.68,23.1,23.44,884.59
1557925200,1557928799,23.43,23.43,23.11,23.39,914.69
1557928800,1557932399,23.39,23.39,23.1,23.1,732.4
1557932400,1557935999,23.11,23.11,22.5,22.59,2055.41
1557936000,1557939599,22.59,23.19,22.47,23.12,2478.22
1557939600,1557943199,23.12,23.8,22.94,23.24,3479.29
1557943200,1557946799,23.24,25,23.24,23.83,3834.22
1557946800,1557950399,23.7,23.95,23.54,23.91,1583.15
1557950400,1557953999,23.92,24.08,23.66,23.78,1813.5
1557954000,1557957599,23.68,23.92,23.63,23.8,976.05
1557957600,1557961199,23.8,24.42,23.65,24.11,2388.14
1557961200,1557964799,24.11,24.48,23.92,24.35,1767.66
1557964800,1557968399,24.41,25.09,24.13,24.7,3857.61
1557968400,1557971999,24.71,25.12,24.43,24.73,3049.04
1557972000,1557975599,24.93,25.87,24.66,25.87,4185.77
1557975600,1557979199,25.87,26,25.06,25.23,4316.14
1557979200,1557982799,25.24,25.46,22.52,23.5,7939.55
1557982800,1557986399,23.38,23.89,23.38,23.74,867.32
1557986400,1557989999,23.76,24.35,23.66,24.24,713.69
1557990000,1557993599,24.29,24.53,24.11,24.15,1809.28
1557993600,1557997199,24.14,24.39,24.03,24.3,778.51
1557997200,1558000799,24.3,24.49,24.08,24.15,1252.04
1558000800,1558004399,24.28,24.43,23.56,24.19,1292.33
1558004400,1558007999,24.23,24.48,24.01,24.15,1005.86
1558008000,1558011599,24.04,24.26,23.15,23.25,647.44
1558011600,1558015199,23.42,23.93,23,23.02,1370.47
1558015200,1558018799,23.1,23.72,23.02,23.41,1294.18
1558018800,1558022399,23.41,24.74,23.3,23.94,1974.64
1558022400,1558025999,23.83,24.34,23.53,23.62,1878.39
1558026000,1558029599,23.81,23.9,23.45,23.7,1042.38
1558029600,1558033199,23.52,23.88,23.43,23.54,988.89
1558033200,1558036799,23.55,23.64,23,23.02,840.8
1558036800,1558040399,23.02,23.29,21.35,22.68,3473.36
1558040400,1558043999,22.68,23.35,22.45,23.35,1742.49
1558044000,1558047599,23.22,23.46,23.01,23.01,406.08549
1558047600,1558051199,22.88,23.19,22.84,23.07,235.532731
1558051200,1558054799,23.07,23.21,22.88,22.96,828.314706
1558054800,1558058399,22.96,22.96,21.87,21.97,1081.078846
1558058400,1558061999,21.95,22.15,20.97,20.97,5413.720688
1558062000,1558065599,20.94,21.08,19.0,20.92,10812.546422
1558065600,1558069199,20.76,21.37,20.56,20.6,1531.966037
1558069200,1558072799,20.69,20.77,20.22,20.22,479.850057
1558072800,1558076399,20.32,20.54,20.15,20.2,1230.784785
1558076400,1558079999,20.2,20.72,20.15,20.47,514.537126
1558080000,1558083599,20.47,20.89,20.24,20.84,486.414502
1558083600,1558087199,20.82,21.03,20.56,20.98,297.427654
1558087200,1558090799,20.98,20.98,20.56,20.73,430.715168
1558090800,1558094399,20.73,20.73,20.11,20.33,940.000777
1558094400,1558097999,20.38,20.5,19.75,20.5,2161.323682
1558098000,1558101599,20.5,20.6,20.3,20.6,963.312431
1558101600,1558105199,20.6,20.95,20.31,20.31,1927.470035
1558105200,1558108799,20.59,20.73,20.36,20.39,882.219933
1558108800,1558112399,20.39,20.75,20.16,20.6,2439.929509
1558112400,1558115999,20.53,20.56,20.19,20.28,330.31778
1558116000,1558119599,20.28,20.6,20.2,20.45,852.035136
1558119600,1558123199,20.59,20.6,20.19,20.5,969.913435
1558123200,1558126799,20.55,20.59,20.39,20.55,255.627855
1558126800,1558130399,20.55,20.96,20.55,20.96,2485.1602
1558130400,1558133999,20.96,21.4,20.72,20.89,1566.651463
1558134000,1558137599,20.89,21.38,20.83,21.21,843.193
1558137600,1558141199,21.21,21.58,20.99,21.16,643.453634
1558141200,1558144799,21.15,21.25,21.01,21.21,800.307987
1558144800,1558148399,21.24,21.49,20.91,21.24,650.30778
1558148400,1558151999,21.21,21.52,21.15,21.52,430.056121
1558152000,1558155599,21.66,21.69,21.31,21.64,315.235189
1558155600,1558159199,21.64,21.94,21.52,21.93,806.062178
1558159200,1558162799,21.71,21.95,21.68,21.86,1430.517584
1558162800,1558166399,21.93,22.08,21.67,22.03,1377.352121
1558166400,1558169999,21.99,22.12,21.84,22.03,982.840298
1558170000,1558173599,22.03,22.03,21.57,21.92,790.073444
1558173600,1558177199,21.93,21.95,21.72,21.82,568.652407
1558177200,1558180799,21.91,22.16,21.8,21.87,960.420623
1558180800,1558184399,21.9,22.09,21.74,21.98,1070.292168
1558184400,1558187999,21.96,22.08,21.75,22.03,572.321295
1558188000,1558191599,22.01,22.14,21.78,21.99,687.805777
1558191600,1558195199,21.92,22.19,21.83,21.95,762.237225
1558195200,1558198799,22.0,22.11,21.9,21.95,590.073931
1558198800,1558202399,22.1,22.1,21.61,21.87,1130.335182
1558202400,1558205999,21.89,22.04,21.67,21.88,593.377793
1558206000,1558209599,21.88,22.01,21.63,21.94,772.905768
1558209600,1558213199,21.73,21.92,21.72,21.88,308.089582
1558213200,1558216799,21.93,22.16,21.83,22.16,852.123085
1558216800,1558220399,22.15,22.17,21.75,21.86,947.085027
1558220400,1558223999,22.02,22.04,21.75,21.75,262.005708
1558224000,1558227599,21.75,22.03,21.75,22.0,651.962404
1558227600,1558231199,21.9,22.46,21.9,22.24,1681.249728
1558231200,1558234799,22.26,22.69,22.25,22.62,1617.123309
1558234800,1558238399,22.5,22.66,22.3,22.66,1441.998174
1558238400,1558241999,22.6,22.6,22.21,22.44,631.247821
1558242000,1558245599,22.44,22.44,22.13,22.34,456.654866
1558245600,1558249199,22.21,22.44,22.18,22.44,343.278545
1558249200,1558252799,22.44,22.45,22.36,22.44,975.074421
1558252800,1558256399,22.44,22.5,22.27,22.5,966.15562
1558256400,1558259999,22.5,22.66,22.35,22.65,2100.378042
1558260000,1558263599,22.53,22.66,22.38,22.6,2140.451787
1558263600,1558267199,22.5,22.65,22.46,22.63,876.406115
1558267200,1558270799,22.57,22.65,22.16,22.21,749.285109
1558270800,1558274399,22.28,22.46,22.07,22.21,1085.407451
1558274400,1558277999,22.15,22.4,22.15,22.25,288.458434
1558278000,1558281599,22.16,22.37,22.15,22.24,590.876994
1558281600,1558285199,22.24,22.41,22.15,22.28,649.588122
1558285200,1558288799,22.26,22.4,22.17,22.28,712.387266
1558288800,1558292399,22.21,22.47,22.17,22.31,1765.558051
1558292400,1558295999,22.35,22.53,22.17,22.18,822.759717
1558296000,1558299599,22.23,22.54,22.17,22.42,1493.422013
1558299600,1558303199,22.51,22.7,22.36,22.65,2046.261222
1558303200,1558306799,22.59,22.75,22.57,22.68,1649.526776
1558306800,1558310399,22.66,22.9,22.58,22.65,1015.503058
1558310400,1558313999,22.82,22.82,22.05,22.05,2831.7754
1558314000,1558317599,22.03,22.28,22.02,22.05,679.888429
1558317600,1558321199,22.02,22.03,21.68,21.82,575.581152
1558321200,1558324799,21.75,22.17,21.74,22.17,322.55465
1558324800,1558328399,22.12,22.39,21.97,22.0,957.823539
1558328400,1558331999,21.98,21.98,21.71,21.86,170.233092
1558332000,1558335599,21.94,21.94,21.51,21.64,417.177717
1558335600,1558339199,21.63,21.87,21.51,21.6,345.525074
1558339200,1558342799,21.52,21.73,21.4,21.63,653.396785
1558342800,1558346399,21.68,21.76,21.63,21.66,124.143582
1558346400,1558349999,21.73,21.94,21.68,21.94,75.518766
1558350000,1558353599,21.74,21.84,21.51,21.65,109.63572
1558353600,1558357199,21.65,21.65,20.82,21.02,1012.191266
1558357200,1558360799,21.1,21.2,20.58,21.1,1145.584362
1558360800,1558364399,21.11,21.29,21.05,21.29,520.309586
1558364400,1558367999,21.33,21.44,21.06,21.44,332.98459
1558368000,1558371599,21.44,21.48,21.28,21.39,264.971587
1558371600,1558375199,21.44,21.47,21.11,21.12,301.797356
1558375200,1558378799,21.12,21.19,21.0,21.12,212.159519
1558378800,1558382399,21.1,21.41,21.1,21.29,181.929142
1558382400,1558385999,21.37,21.98,21.28,21.82,1150.643069
1558386000,1558389599,21.88,21.96,21.38,21.57,397.753838
1558389600,1558393199,21.56,21.69,21.16,21.23,234.862721
1558393200,1558396799,21.28,21.52,21.1,21.25,1237.99853
1558396800,1558400399,21.23,21.25,20.0,20.22,7446.126778
1558400400,1558403999,20.28,20.72,20.21,20.39,3522.280739
1558404000,1558407599,20.4,20.59,20.22,20.37,2010.4237
1558407600,1558411199,20.4,20.59,20.15,20.3,2755.371809
1558411200,1558414799,20.29,20.44,20.1,20.24,1175.332407
1558414800,1558418399,20.21,20.43,20.1,20.41,965.837557
1558418400,1558421999,20.44,20.48,20.31,20.45,479.388718
1558422000,1558425599,20.45,20.85,20.45,20.48,2796.208192
1558425600,1558429199,20.5,20.85,20.35,20.67,687.45116
1558429200,1558432799,20.7,20.94,20.66,20.92,420.167249
1558432800,1558436399,20.95,21.05,20.63,20.72,823.886489
1558436400,1558439999,20.77,20.77,20.36,20.48,842.11561
1558440000,1558443599,20.36,20.59,20.35,20.55,580.6186
1558443600,1558447199,20.55,21.07,20.32,20.77,2249.474602
1558447200,1558450799,20.75,20.84,20.51,20.61,599.381483
1558450800,1558454399,20.66,20.77,20.4,20.58,1702.463715
1558454400,1558457999,20.51,20.7,20.41,20.64,679.435647
1558458000,1558461599,20.62,20.86,20.62,20.83,958.671446
1558461600,1558465199,20.83,20.95,20.66,20.79,2382.315135
1558465200,1558468799,20.79,20.82,20.36,20.62,4595.444388
1558468800,1558472399,20.55,20.65,20.36,20.54,4060.042207
1558472400,1558475999,20.46,20.65,20.39,20.48,2070.284447
1558476000,1558479599,20.47,20.88,20.08,20.38,6075.111138
1558479600,1558483199,20.38,20.85,20.37,20.53,1443.313924
1558483200,1558486799,20.44,20.89,20.43,20.67,914.095068
1558486800,1558490399,20.76,20.87,20.37,20.44,635.526422
1558490400,1558493999,20.44,20.63,20.39,20.6,667.155596
1558494000,1558497599,20.65,20.78,20.43,20.52,572.927838
1558497600,1558501199,20.52,20.76,20.31,20.49,1299.248913
1558501200,1558504799,20.34,20.62,20.34,20.53,356.341067
1558504800,1558508399,20.5,20.58,20.49,20.51,408.581398
1558508400,1558511999,20.51,20.55,20.41,20.51,759.532795
1558512000,1558515599,20.53,20.6,20.35,20.59,852.845527
1558515600,1558519199,20.59,20.6,20.36,20.44,314.814619
1558519200,1558522799,20.33,20.53,20.15,20.27,2021.862837
1558522800,1558526399,20.39,20.39,19.93,20.05,1427.096151
1558526400,1558529999,20.14,20.16,19.89,20.07,926.235095
1558530000,1558533599,20.07,20.19,20.06,20.19,383.372636
1558533600,1558537199,20.17,20.26,20.12,20.26,706.493523
1558537200,1558540799,20.2,20.5,20.08,20.4,931.240336
1558540800,1558544399,20.46,20.7,20.38,20.7,1522.252194
1558544400,1558547999,20.69,21.35,20.45,20.65,3906.41521
1558548000,1558551599,20.65,20.68,20.6,20.65,198.776388
1558551600,1558555199,20.61,20.73,20.5,20.55,682.618184
1558555200,1558558799,20.49,20.6,19.77,20.17,3083.16588
1558558800,1558562399,20.13,20.19,19.6,19.69,1870.414924
1558562400,1558565999,19.69,19.89,19.25,19.76,1645.806278
1558566000,1558569599,19.71,19.77,19.34,19.34,2424.407559
1558569600,1558573199,19.34,19.57,19.32,19.45,632.993536
1558573200,1558576799,19.41,19.45,19.3,19.44,1424.309696
1558576800,1558580399,19.37,19.43,19.21,19.26,725.44651
1558580400,1558583999,19.23,19.28,19.13,19.26,1068.708982
1558584000,1558587599,19.37,19.47,19.32,19.47,771.592414
1558587600,1558591199,19.45,19.45,19.05,19.05,774.422551
1558591200,1558594799,19.06,19.07,18.79,18.86,2925.855446
1558594800,1558598399,18.86,18.89,18.72,18.72,700.498271
1558598400,1558601999,18.76,18.76,18.41,18.42,2087.679474
1558602000,1558605599,18.44,18.73,18.38,18.72,905.998306
1558605600,1558609199,18.66,18.98,18.61,18.9,584.897257
1558609200,1558612799,18.97,19.37,18.97,19.14,1076.368672
1558612800,1558616399,19.22,19.33,18.99,19.33,374.03165
1558616400,1558619999,19.39,19.6,19.37,19.42,266.551736
1558620000,1558623599,19.51,19.51,19.36,19.48,375.211979
1558623600,1558627199,19.51,19.57,19.4,19.55,382.319658
1558627200,1558630799,19.53,19.76,19.47,19.6,1504.287709
1558630800,1558634399,19.6,19.61,19.2,19.23,705.944872
1558634400,1558637999,19.24,19.3,19.11,19.14,551.403673
1558638000,1558641599,19.21,19.7,19.08,19.13,1722.158329
1558641600,1558645199,19.19,19.42,19.03,19.42,1150.043639
1558645200,1558648799,19.39,19.57,19.25,19.35,1176.373928
1558648800,1558652399,19.3,19.63,19.22,19.58,1433.036555
1558652400,1558655999,19.57,19.67,19.52,19.63,286.141643
1558656000,1558659599,19.65,19.65,19.54,19.62,368.412763
1558659600,1558663199,19.63,19.76,19.47,19.48,545.38911
1558663200,1558666799,19.53,19.57,19.47,19.52,241.030302
1558666800,1558670399,19.52,19.55,19.27,19.42,557.605933
1558670400,1558673999,19.42,19.47,19.22,19.39,363.512343
1558674000,1558677599,19.29,19.35,19.22,19.25,334.118069
1558677600,1558681199,19.29,19.47,19.21,19.47,298.812529
1558681200,1558684799,19.47,19.8,19.47,19.59,1186.758491
1558684800,1558688399,19.69,20.1,19.64,20.1,1457.714737
1558688400,1558691999,20.12,20.48,20.04,20.31,780.745263
1558692000,1558695599,20.31,20.69,20.21,20.49,2174.02044
1558695600,1558699199,20.6,20.69,20.1,20.35,1512.633118
1558699200,1558702799,20.35,20.35,19.97,20.04,866.814793
1558702800,1558706399,20.14,20.17,20.0,20.0,1237.570755
1558706400,1558709999,20.03,20.16,20.0,20.13,558.584274
1558710000,1558713599,20.06,20.26,19.94,20.02,1397.545821
1558713600,1558717199,20.01,20.42,20.01,20.04,2706.437062
1558717200,1558720799,20.03,20.41,19.87,19.93,5562.174018
1558720800,1558724399,19.93,20.03,19.86,19.86,1289.469415
1558724400,1558727999,19.85,19.86,19.4,19.69,2084.364715
1558728000,1558731599,19.64,19.77,19.26,19.42,4414.080446
1558731600,1558735199,19.43,19.58,19.25,19.44,2075.029985
1558735200,1558738799,19.32,19.58,19.28,19.5,907.255103
1558738800,1558742399,19.5,19.51,19.27,19.29,1382.68854
1558742400,1558745999,19.45,19.64,19.42,19.46,485.503395
1558746000,1558749599,19.48,19.55,19.44,19.54,674.767357
1558749600,1558753199,19.54,19.54,19.41,19.46,447.584713
1558753200,1558756799,19.54,19.79,19.4,19.71,2544.104553
1558756800,1558760399,19.73,19.76,19.48,19.48,327.484949
1558760400,1558763999,19.61,19.63,19.47,19.5,226.634025
1558764000,1558767599,19.47,19.77,19.44,19.74,1619.337895
1558767600,1558771199,19.65,19.72,19.5,19.71,325.818405
1558771200,1558774799,19.59,19.76,19.59,19.76,151.563167
1558774800,1558778399,19.76,20.0,19.66,19.91,376.573585
1558778400,1558781999,19.91,19.98,19.78,19.98,205.608454
1558782000,1558785599,19.98,20.0,19.86,19.99,472.259095
1558785600,1558789199,19.99,20.0,19.7,19.91,2017.032027
1558789200,1558792799,19.87,19.87,19.6,19.66,287.546246
1558792800,1558796399,19.54,19.75,19.5,19.73,237.652023
1558796400,1558799999,19.73,19.76,19.56,19.62,426.738436
1558800000,1558803599,19.59,19.74,19.59,19.67,212.665307
1558803600,1558807199,19.65,19.67,19.55,19.6,744.94286
1558807200,1558810799,19.6,19.65,19.5,19.53,501.503449
1558810800,1558814399,19.55,19.63,19.5,19.51,148.78588
1558814400,1558817999,19.57,19.66,19.5,19.53,420.178234
1558818000,1558821599,19.54,19.84,19.5,19.63,677.433036
1558821600,1558825199,19.63,19.71,19.52,19.52,366.352139
1558825200,1558828799,19.52,19.62,19.5,19.57,251.881656
1558828800,1558832399,19.52,19.62,19.51,19.52,341.134062
1558832400,1558835999,19.55,19.62,19.52,19.58,227.359735
1558836000,1558839599,19.57,19.69,19.54,19.65,67.630602
1558839600,1558843199,19.65,19.65,19.5,19.5,948.676131
1558843200,1558846799,19.5,19.62,19.5,19.52,161.79469
1558846800,1558850399,19.55,19.55,19.5,19.5,323.069416
1558850400,1558853999,19.71,19.73,19.5,19.67,1608.601787
1558854000,1558857599,19.69,19.76,19.63,19.71,194.046848
1558857600,1558861199,19.69,19.8,19.65,19.69,504.455472
1558861200,1558864799,19.76,19.76,19.59,19.7,109.021875
1558864800,1558868399,19.63,19.67,19.5,19.5,715.490152
1558868400,1558871999,19.51,19.51,19.13,19.34,926.370453
1558872000,1558875599,19.24,19.44,19.18,19.33,457.669499
1558875600,1558879199,19.36,19.56,19.36,19.52,185.239943
1558879200,1558882799,19.52,19.63,19.47,19.54,114.734917
1558882800,1558886399,19.52,19.76,19.52,19.61,700.789629
1558886400,1558889999,19.59,19.62,19.59,19.6,225.626596
1558890000,1558893599,19.6,19.69,19.48,19.52,1196.768386
1558893600,1558897199,19.5,19.6,19.47,19.6,323.550581
1558897200,1558900799,19.6,20.29,19.56,20.19,5919.156032
1558900800,1558904399,20.07,20.5,20.02,20.12,4715.074906
1558904400,1558907999,20.24,20.48,20.01,20.35,5857.62766
1558908000,1558911599,20.35,20.48,20.22,20.25,3462.41492
1558911600,1558915199,20.3,20.35,20.01,20.12,1261.020702
1558915200,1558918799,20.1,20.46,20.0,20.22,4543.551708
1558918800,1558922399,20.32,20.44,20.24,20.24,1885.364805
1558922400,1558925999,20.3,20.3,20.06,20.22,1835.297256
1558926000,1558929599,20.23,20.47,20.09,20.32,3414.817197
1558929600,1558933199,20.28,20.48,20.2,20.44,1325.854416
1558933200,1558936799,20.36,20.47,20.36,20.46,606.13785
1558936800,1558940399,20.36,20.43,20.08,20.22,4260.186644
1558940400,1558943999,20.24,20.39,20.22,20.34,409.343646
1558944000,1558947599,20.31,20.33,19.54,20.16,2846.283233
1558947600,1558951199,20.16,20.29,19.95,20.25,807.677508
1558951200,1558954799,20.23,20.29,20.1,20.25,203.771001
1558954800,1558958399,20.23,20.25,20.03,20.18,1157.794691
1558958400,1558961999,20.24,20.56,20.15,20.44,7159.415584
1558962000,1558965599,20.41,20.71,20.4,20.71,3398.967423
1558965600,1558969199,20.55,20.65,20.5,20.65,1694.43441
1558969200,1558972799,20.63,20.85,20.61,20.69,2707.264015
1558972800,1558976399,20.76,20.98,20.33,20.33,4791.609025
1558976400,1558979999,20.38,20.6,20.09,20.16,2211.582454
1558980000,1558983599,20.09,20.43,20.05,20.24,2140.540313
1558983600,1558987199,20.26,20.3,20.09,20.1,800.09851
1558987200,1558990799,20.1,20.46,19.97,20.1,3352.031797
1558990800,1558994399,20.05,20.42,20.03,20.22,1546.181789
1558994400,1558997999,20.3,20.42,20.17,20.29,1149.74369
1558998000,1559001599,20.33,20.45,20.21,20.3,1493.918917
1559001600,1559005199,20.21,20.37,20.12,20.21,1071.365239
1559005200,1559008799,20.13,20.45,20.11,20.45,1919.913199
1559008800,1559012399,20.43,20.49,20.33,20.42,1044.513687
1559012400,1559015999,20.42,20.42,20.25,20.4,446.575266
1559016000,1559019599,20.4,20.53,20.31,20.42,2191.933715
1559019600,1559023199,20.4,20.64,20.25,20.33,1944.730063
1559023200,1559026799,20.3,20.52,20.21,20.25,1256.862241
1559026800,1559030399,20.3,20.42,20.24,20.33,158.473946
1559030400,1559033999,20.54,20.54,20.4,20.44,592.495641
1559034000,1559037599,20.46,20.48,20.36,20.42,57.475258
1559037600,1559041199,20.4,20.5,20.29,20.5,561.539606
1559041200,1559044799,20.5,20.51,20.38,20.43,297.534851
1559044800,1559048399,20.51,20.55,20.38,20.47,64.624308
1559048400,1559051999,20.4,20.45,20.06,20.12,2183.596111
1559052000,1559055599,20.2,20.24,20.06,20.23,1014.504911
1559055600,1559059199,20.23,20.24,20.1,20.24,2149.964232
1559059200,1559062799,20.2,20.23,20.11,20.16,458.563812
1559062800,1559066399,20.11,20.62,20.11,20.33,3680.453904
1559066400,1559069999,20.34,20.55,20.25,20.37,1245.309053
1559070000,1559073599,20.37,20.37,20.14,20.21,535.580646
1559073600,1559077199,20.21,20.35,20.17,20.32,466.491977
1559077200,1559080799,20.28,20.38,20.24,20.33,563.526326
1559080800,1559084399,20.36,20.39,20.23,20.35,1640.868279
1559084400,1559087999,20.35,20.54,20.24,20.45,696.639793
1559088000,1559091599,20.49,20.5,20.32,20.41,498.841359
1559091600,1559095199,20.44,20.93,20.32,20.51,3174.402016
1559095200,1559098799,20.44,20.48,20.27,20.34,1427.784965
1559098800,1559102399,20.34,20.47,20.24,20.35,4293.464362
1559102400,1559105999,20.39,20.42,20.11,20.14,1056.912124
1559106000,1559109599,20.14,20.2,19.93,19.95,1751.468904
1559109600,1559113199,19.97,20.14,19.97,20.06,441.936338
1559113200,1559116799,20.0,20.18,19.99,20.14,456.774781
1559116800,1559120399,20.05,20.24,19.97,20.12,256.018879
1559120400,1559123999,20.19,20.21,19.99,20.15,141.07992
1559124000,1559127599,20.24,20.38,20.11,20.19,911.77455
1559127600,1559131199,20.15,20.28,20.13,20.15,394.870435
1559131200,1559134799,20.16,20.28,20.15,20.19,540.407298
1559134800,1559138399,20.28,20.46,20.17,20.27,2173.169235
1559138400,1559141999,20.35,20.46,20.26,20.36,1137.674959
1559142000,1559145599,20.37,20.47,20.33,20.42,1082.390436
1559145600,1559149199,20.43,20.47,20.3,20.47,2002.814953
1559149200,1559152799,20.47,20.47,20.36,20.44,1956.053335
1559152800,1559156399,20.45,20.78,20.36,20.76,3763.230631
1559156400,1559159999,20.76,21.17,20.75,20.92,6927.771356
1559160000,1559163599,20.93,21.0,20.88,20.94,1386.806798
1559163600,1559167199,20.94,20.97,20.87,20.94,1022.443078
1559167200,1559170799,20.92,20.97,20.83,20.87,928.35175
1559170800,1559174399,20.83,20.9,20.15,20.55,4186.333646
1559174400,1559177999,20.52,20.59,20.26,20.59,2940.761148
1559178000,1559181599,20.59,21.2,20.3,20.6,10386.342253
1559181600,1559185199,20.6,20.62,20.34,20.39,608.789732
1559185200,1559188799,20.42,20.64,20.41,20.51,1119.65814
1559188800,1559192399,20.56,20.81,20.39,20.76,2504.617725
1559192400,1559195999,20.66,20.94,20.59,20.69,2810.827268
1559196000,1559199599,20.82,20.82,20.64,20.73,1342.401326
1559199600,1559203199,20.7,20.78,20.53,20.72,1141.450991
1559203200,1559206799,20.76,20.87,20.69,20.8,382.204884
1559206800,1559210399,20.82,20.85,20.66,20.77,1225.527387
1559210400,1559213999,20.82,20.98,20.79,20.98,845.482742
1559214000,1559217599,20.98,21.0,20.92,20.98,2822.252801
1559217600,1559221199,20.95,21,20.89,21,812.67545
1559221200,1559224799,21.0,21,20.93,21,1033.240494
1559224800,1559228399,20.95,21,20.9,20.99,717.186706
1559228400,1559231999,20.99,21,20.88,20.96,5080.446825
1559232000,1559235599,20.96,20.99,20.3,20.62,5315.956036
1559235600,1559239199,20.54,20.55,19.96,20.09,4308.901291
1559239200,1559242799,20.09,20.2,20.05,20.2,847.823907
1559242800,1559246399,20.2,20.39,20.08,20.29,1335.278342
1559246400,1559249999,20.27,20.36,19.9,19.9,3349.338511
1559250000,1559253599,19.94,20.01,18.9,18.99,4897.576871
1559253600,1559257199,19.12,19.3,18.93,19.18,1491.188134
1559257200,1559260799,19.18,19.29,19.11,19.28,585.88786
1559260800,1559264399,19.2,19.29,19.13,19.21,436.818746
1559264400,1559267999,19.15,19.5,19.14,19.16,2427.523969
1559268000,1559271599,19.24,19.38,19.03,19.14,1616.292112
1559271600,1559275199,19.14,19.19,18.9,18.92,2980.279366
1559275200,1559278799,18.92,19.04,18.39,18.54,5749.947827
1559278800,1559282399,18.57,18.65,18.21,18.6,1503.034469
1559282400,1559285999,18.59,18.88,18.51,18.88,510.42913
1559286000,1559289599,18.88,18.93,18.69,18.93,789.263181
1559289600,1559293199,18.92,18.98,18.78,18.79,895.009465
1559293200,1559296799,18.95,19.1,18.9,19.05,446.171587
1559296800,1559300399,18.93,19.09,18.84,18.87,294.846092
1559300400,1559303999,18.86,18.92,18.64,18.72,1033.247681
1559304000,1559307599,18.65,19.07,18.65,19.0,654.322763
1559307600,1559311199,19.0,19.4,19.0,19.31,716.718978
1559311200,1559314799,19.26,19.47,19.13,19.34,847.667495
1559314800,1559318399,19.41,19.48,18.97,19.13,714.541645
1559318400,1559321999,19.15,19.48,18.96,19.35,356.644948
1559322000,1559325599,19.35,19.48,19.29,19.48,340.966866
1559325600,1559329199,19.49,19.57,19.32,19.32,366.866421
1559329200,1559332799,19.32,19.45,19.28,19.45,300.612417
1559332800,1559336399,19.44,19.54,19.27,19.53,807.435855
1559336400,1559339999,19.53,19.71,19.43,19.52,1092.654261
1559340000,1559343599,19.5,19.65,19.4,19.47,1309.685196
1559343600,1559347199,19.59,19.75,19.49,19.7,1525.90458
1559347200,1559350799,19.6,19.74,19.37,19.74,1110.992317
1559350800,1559354399,19.66,19.69,19.49,19.58,307.051994
1559354400,1559357999,19.65,19.68,19.43,19.68,1326.293204
1559358000,1559361599,19.69,19.73,19.58,19.63,489.437264
1559361600,1559365199,19.68,19.74,19.52,19.74,481.41287
1559365200,1559368799,19.74,19.78,19.44,19.5,483.196267
1559368800,1559372399,19.42,19.73,19.35,19.6,441.190058
1559372400,1559375999,19.57,19.6,19.51,19.59,263.450344
1559376000,1559379599,19.59,19.7,19.51,19.7,107.701136
1559379600,1559383199,19.73,19.74,19.59,19.74,149.716808
1559383200,1559386799,19.74,19.74,19.57,19.61,268.800209
1559386800,1559390399,19.67,19.74,19.54,19.69,168.835233
1559390400,1559393999,19.71,19.71,19.56,19.68,157.62748
1559394000,1559397599,19.67,19.71,19.55,19.57,114.213585
1559397600,1559401199,19.55,19.58,19.3,19.32,787.168285
1559401200,1559404799,19.31,19.49,19.3,19.46,760.275079
1559404800,1559408399,19.49,19.55,19.4,19.54,372.253762
1559408400,1559411999,19.54,19.58,19.33,19.43,361.589954
1559412000,1559415599,19.54,19.55,19.41,19.54,242.209329
1559415600,1559419199,19.54,19.55,19.42,19.54,309.270954
1559419200,1559422799,19.53,19.62,19.44,19.62,138.738394
1559422800,1559426399,19.59,19.62,19.44,19.44,359.495481
1559426400,1559429999,19.6,19.6,19.29,19.58,1524.25519
1559430000,1559433599,19.55,19.6,19.39,19.46,113.339395
1559433600,1559437199,19.44,19.53,19.4,19.44,123.916322
1559437200,1559440799,19.37,19.47,19.29,19.43,588.865442
1559440800,1559444399,19.43,19.46,19.31,19.42,880.050538
1559444400,1559447999,19.38,19.44,19.33,19.39,145.59462
1559448000,1559451599,19.38,19.43,19.31,19.39,146.363053
1559451600,1559455199,19.35,19.41,19.31,19.37,57.504653
1559455200,1559458799,19.31,19.42,19.27,19.42,413.684017
1559458800,1559462399,19.39,19.62,19.28,19.57,640.684692
1559462400,1559465999,19.47,19.68,19.47,19.68,150.264783
1559466000,1559469599,19.68,19.74,19.63,19.69,236.486371
1559469600,1559473199,19.69,19.77,19.62,19.76,270.854545
1559473200,1559476799,19.74,19.78,19.54,19.54,543.382728
1559476800,1559480399,19.78,19.82,19.65,19.75,233.932289
1559480400,1559483999,19.76,19.76,19.47,19.59,657.664248
1559484000,1559487599,19.51,19.65,19.46,19.54,387.368261
1559487600,1559491199,19.67,20.0,19.27,19.69,3698.601992
1559491200,1559494799,19.66,19.7,19.56,19.6,130.761372
1559494800,1559498399,19.61,19.67,19.48,19.48,384.415268
1559498400,1559501999,19.55,19.59,19.47,19.58,194.137162
1559502000,1559505599,19.51,19.6,19.49,19.6,263.424992
1559505600,1559509199,19.51,19.61,19.49,19.61,176.222481
1559509200,1559512799,19.59,19.69,19.49,19.6,120.859761
1559512800,1559516399,19.59,19.78,19.52,19.78,514.699533
1559516400,1559519999,19.78,19.88,19.65,19.78,322.155126
1559520000,1559523599,19.75,19.8,19.62,19.62,363.188021
1559523600,1559527199,19.66,19.86,19.54,19.64,1969.23683
1559527200,1559530799,19.6,19.7,19.53,19.57,446.789978
1559530800,1559534399,19.59,19.7,19.56,19.65,532.181649
1559534400,1559537999,19.66,19.68,19.53,19.62,417.7683
1559538000,1559541599,19.68,19.68,19.41,19.53,709.110622
1559541600,1559545199,19.44,19.57,19.27,19.36,251.273715
1559545200,1559548799,19.4,19.42,19.01,19.14,1356.659308
1559548800,1559552399,19.14,19.31,19.09,19.09,223.783217
1559552400,1559555999,19.1,19.35,19.0,19.35,858.091811
1559556000,1559559599,19.32,19.37,19.28,19.37,63.008341
1559559600,1559563199,19.35,19.41,19.21,19.32,191.196394
1559563200,1559566799,19.29,19.44,19.24,19.34,444.616547
1559566800,1559570399,19.27,19.3,19.04,19.1,227.417453
1559570400,1559573999,19.02,19.25,18.75,18.85,1361.55503
1559574000,1559577599,18.85,19.23,18.81,19.23,592.783273
1559577600,1559581199,19.12,19.27,19.12,19.25,76.560113
1559581200,1559584799,19.22,19.25,19.09,19.14,111.940561
1559584800,1559588399,19.09,19.28,19.08,19.28,89.413596
1559588400,1559591999,19.28,19.3,19.21,19.29,132.485348
1559592000,1559595599,19.29,19.33,19.1,19.25,867.354821
1559595600,1559599199,19.27,19.3,19.14,19.3,198.431574
1559599200,1559602799,19.32,19.32,19.08,19.25,137.618535
1559602800,1559606399,19.21,19.28,18.4,18.52,2141.643714
1559606400,1559609999,18.51,18.51,17.76,17.92,3597.289605
1559610000,1559613599,17.95,18.24,17.94,18.05,1602.559509
1559613600,1559617199,18.01,18.12,18.0,18.12,649.643262
1559617200,1559620799,18.04,18.12,17.77,17.77,682.694368
1559620800,1559624399,17.85,18.05,17.75,17.95,997.651038
1559624400,1559627999,17.95,18.01,17.9,17.92,526.09823
1559628000,1559631599,17.91,17.91,17.75,17.78,419.304586
1559631600,1559635199,17.8,17.88,17.51,17.7,1921.75737
1559635200,1559638799,17.76,17.79,17.68,17.7,878.794134
1559638800,1559642399,17.67,18.19,17.66,18.01,615.687122
1559642400,1559645999,17.98,17.98,17.78,17.86,234.424798
1559646000,1559649599,17.86,17.95,17.55,17.71,1716.502396
1559649600,1559653199,17.77,17.92,17.63,17.83,1279.528302
1559653200,1559656799,17.83,18.04,17.79,17.91,482.729223
1559656800,1559660399,17.86,17.98,17.83,17.85,1319.148034
1559660400,1559663999,17.9,18.0,17.77,17.77,358.43226
1559664000,1559667599,17.8,17.91,17.76,17.8,347.064534
1559667600,1559671199,17.85,17.85,17.14,17.21,2059.039308
1559671200,1559674799,17.3,17.48,17.2,17.31,772.443261
1559674800,1559678399,17.31,17.39,16.88,17.0,2117.15964
1559678400,1559681999,16.98,17.17,16.86,17.08,541.114087
1559682000,1559685599,17.09,17.22,16.67,16.7,1256.137399
1559685600,1559689199,16.68,17.05,16.68,17.05,753.500792
1559689200,1559692799,17.05,17.13,16.88,17.1,979.222336
1559692800,1559696399,17.14,18.69,17.04,17.6,1644.848037
1559696400,1559699999,17.58,18.99,17.52,18.12,3566.095745
1559700000,1559703599,18.17,18.3,18.0,18.16,471.291196
1559703600,1559707199,18.16,18.25,17.81,17.87,735.030269
1559707200,1559710799,17.9,17.9,17.59,17.71,289.554389
1559710800,1559714399,17.72,17.78,17.5,17.52,986.087444
1559714400,1559717999,17.6,18.21,17.51,17.89,494.872771
1559718000,1559721599,17.9,18.1,17.88,17.92,432.725707
1559721600,1559725199,17.94,17.94,17.69,17.76,153.466585
1559725200,1559728799,17.72,17.84,17.68,17.71,191.926804
1559728800,1559732399,17.71,17.92,17.7,17.82,799.499137
1559732400,1559735999,17.81,17.81,17.69,17.75,1101.743497
1559736000,1559739599,17.66,17.77,17.52,17.61,420.59143
1559739600,1559743199,17.69,18.84,17.5,17.51,3761.721022
1559743200,1559746799,17.56,17.57,17.02,17.2,1147.770679
1559746800,1559750399,17.2,17.44,17.16,17.3,648.512957
1559750400,1559753999,17.3,17.67,17.22,17.4,296.951506
1559754000,1559757599,17.5,17.71,17.44,17.6,295.914316
1559757600,1559761199,17.6,17.63,17.47,17.57,338.257164
1559761200,1559764799,17.58,17.75,17.56,17.66,309.465198
1559764800,1559768399,17.64,17.87,17.41,17.61,607.572075
1559768400,1559771999,17.48,17.88,17.4,17.69,657.084613
1559772000,1559775599,17.63,18.0,17.6,17.8,133.750207
1559775600,1559779199,17.88,17.95,17.62,17.62,543.01721
1559779200,1559782799,17.62,17.69,17.56,17.68,213.131751
1559782800,1559786399,17.58,17.89,17.58,17.87,663.785896
1559786400,1559789999,17.78,17.84,17.68,17.69,1108.380078
1559790000,1559793599,17.76,17.78,17.66,17.77,311.427326
1559793600,1559797199,17.76,17.77,17.68,17.77,932.855616
1559797200,1559800799,17.78,17.78,17.68,17.76,277.011521
1559800800,1559804399,17.69,17.77,17.63,17.73,658.383262
1559804400,1559807999,17.77,17.78,17.6,17.67,98.123204
1559808000,1559811599,17.6,17.71,17.52,17.71,322.130269
1559811600,1559815199,17.65,17.71,17.58,17.62,30.619234
1559815200,1559818799,17.67,17.67,17.43,17.56,594.824944
1559818800,1559822399,17.71,17.73,17.63,17.71,273.63046
1559822400,1559825999,17.54,17.6,17.44,17.45,59.12452
1559826000,1559829599,17.53,17.53,17.25,17.37,194.570519
1559829600,1559833199,17.42,17.46,17.17,17.31,226.738813
1559833200,1559836799,17.39,17.47,17.3,17.35,543.873573
1559836800,1559840399,17.45,17.47,17.22,17.29,480.862897
1559840400,1559843999,17.35,17.45,17.27,17.32,240.260656
1559844000,1559847599,17.2,17.28,16.91,17.07,1483.67878
1559847600,1559851199,17.05,17.13,16.91,16.97,902.220338
1559851200,1559854799,16.96,17.17,16.89,17.05,1425.41912
1559854800,1559858399,17.05,17.23,17.05,17.19,480.669639
1559858400,1559861999,17.18,17.25,17.15,17.2,188.38109
1559862000,1559865599,17.19,17.64,17.19,17.63,852.429088
1559865600,1559869199,17.59,17.62,17.5,17.5,543.207305
1559869200,1559872799,17.5,17.54,17.5,17.54,839.700846
1559872800,1559876399,17.53,17.54,17.5,17.5,2469.912494
1559876400,1559879999,17.54,17.63,17.5,17.58,168.125804
1559880000,1559883599,17.61,17.64,17.5,17.6,1019.2614
1559883600,1559887199,17.59,17.93,17.58,17.86,759.209651
1559887200,1559890799,17.82,18.02,17.78,17.98,920.387872
1559890800,1559894399,18.06,18.13,17.97,18.12,460.124344
1559894400,1559897999,18.13,18.34,18.04,18.1,765.566975
1559898000,1559901599,18.04,18.21,18.0,18.1,378.814572
1559901600,1559905199,18.05,18.25,17.99,18.05,191.833011
1559905200,1559908799,17.98,18.27,17.98,18.02,371.364069
1559908800,1559912399,18.02,18.16,17.98,18.1,359.385105
1559912400,1559915999,18.07,18.32,17.99,18.19,459.28382
1559916000,1559919599,18.21,18.26,18.07,18.17,780.266099
1559919600,1559923199,18.07,18.24,18.06,18.15,352.220073
1559923200,1559926799,18.18,18.6,18.15,18.48,1977.924549
1559926800,1559930399,18.49,18.57,18.41,18.51,412.114108
1559930400,1559933999,18.53,18.56,18.48,18.52,259.055402
1559934000,1559937599,18.52,18.6,18.31,18.44,2591.428967
1559937600,1559941199,18.4,18.49,18.27,18.27,486.479983
1559941200,1559944799,18.27,18.45,18.12,18.37,264.50105
1559944800,1559948399,18.4,18.47,18.39,18.39,272.93777
1559948400,1559951999,18.42,18.5,18.32,18.48,356.290961
1559952000,1559955599,18.44,18.54,18.4,18.54,341.698649
1559955600,1559959199,18.55,18.59,18.48,18.51,574.598241
1559959200,1559962799,18.43,18.51,18.4,18.42,63.050199
1559962800,1559966399,18.41,18.57,18.41,18.45,221.582485
1559966400,1559969999,18.44,18.83,18.4,18.67,1971.618858
1559970000,1559973599,18.69,18.69,18.43,18.51,847.264526
1559973600,1559977199,18.37,18.46,18.24,18.34,906.22154
1559977200,1559980799,18.37,18.76,18.25,18.76,112.553144
1559980800,1559984399,18.71,18.77,18.68,18.74,341.300761
1559984400,1559987999,18.77,18.84,18.65,18.84,118.324553
1559988000,1559991599,18.77,18.87,18.75,18.8,100.565706
1559991600,1559995199,18.79,18.79,18.59,18.79,685.957941
1559995200,1559998799,18.83,18.83,18.54,18.63,108.954883
1559998800,1560002399,18.63,18.82,18.56,18.82,166.897447
1560002400,1560005999,18.7,18.83,18.56,18.56,393.185845
1560006000,1560009599,18.68,19.19,18.58,19.07,2725.762744
1560009600,1560013199,19.06,19.3,18.91,19.2,1850.921683
1560013200,1560016799,19.09,19.23,18.81,18.9,1716.61777
1560016800,1560020399,18.91,18.97,18.83,18.9,671.928963
1560020400,1560023999,18.98,19.04,18.86,18.96,452.925208
1560024000,1560027599,19.03,19.04,18.93,19.01,534.412459
1560027600,1560031199,18.96,19.22,18.96,19.06,707.381689
1560031200,1560034799,19.13,19.25,19.06,19.24,580.040074
1560034800,1560038399,19.25,19.25,19.14,19.23,401.212742
1560038400,1560041999,19.22,19.25,19.04,19.04,967.416629
1560042000,1560045599,19.02,19.35,19.02,19.28,2564.924528
1560045600,1560049199,19.28,20.0,19.14,19.79,4684.447352
1560049200,1560052799,19.77,20.5,19.46,19.61,4200.838818
1560052800,1560056399,19.51,19.61,19.39,19.57,853.744509
1560056400,1560059999,19.57,19.79,19.46,19.6,1076.937384
1560060000,1560063599,19.59,19.64,19.45,19.61,563.597783
1560063600,1560067199,19.61,19.8,19.56,19.67,1701.059804
1560067200,1560070799,19.73,20.06,19.68,19.85,931.437925
1560070800,1560074399,19.8,19.94,19.72,19.94,670.864107
1560074400,1560077999,19.89,20.89,19.89,20.89,3877.407189
1560078000,1560081599,20.78,20.97,19.86,19.94,5345.854702
1560081600,1560085199,20.02,20.02,19.14,19.34,2383.900592
1560085200,1560088799,19.37,19.43,18.77,18.88,1612.540584
1560088800,1560092399,18.84,19.34,18.64,19.16,1633.910522
1560092400,1560095999,19.23,19.38,18.75,18.75,780.581511
1560096000,1560099599,18.75,18.75,17.71,17.86,5565.911041
1560099600,1560103199,17.9,17.98,17.5,17.89,4460.122528
1560103200,1560106799,17.87,18.11,17.78,17.78,1946.241108
1560106800,1560110399,17.89,18.11,17.8,17.88,654.932436
1560110400,1560113999,17.99,18.09,17.87,18.0,2594.381581
1560114000,1560117599,18.0,19.3,17.86,17.97,3162.813483
1560117600,1560121199,17.87,17.92,17.5,17.72,2780.080474
1560121200,1560124799,17.6,18.0,17.51,17.98,1900.458038
1560124800,1560128399,17.82,17.94,17.57,17.86,594.092868
1560128400,1560131999,17.76,18.04,17.72,17.8,288.806014
1560132000,1560135599,17.78,18.01,17.76,17.98,341.995
1560135600,1560139199,17.98,18.4,17.91,18.17,1093.244025
1560139200,1560142799,18.24,18.6,18.09,18.45,4658.004811
1560142800,1560146399,18.38,18.63,18.34,18.63,1566.12171
1560146400,1560149999,18.63,18.84,18.6,18.66,776.403595
1560150000,1560153599,18.67,18.75,18.48,18.57,340.504171
1560153600,1560157199,18.62,18.69,18.53,18.69,79.295716
1560157200,1560160799,18.61,18.67,18.14,18.43,1569.307586
1560160800,1560164399,18.37,18.39,17.78,18.1,1590.512094
1560164400,1560167999,18.1,19.05,18.1,18.63,1544.987708
1560168000,1560171599,18.62,18.86,18.53,18.7,2589.422296
1560171600,1560175199,18.7,18.72,18.58,18.61,207.953247
1560175200,1560178799,18.68,18.74,18.61,18.71,411.17212
1560178800,1560182399,18.64,18.76,18.55,18.56,400.660651
1560182400,1560185999,18.59,18.76,18.58,18.7,701.617179
1560186000,1560189599,18.76,18.77,18.65,18.71,1518.219109
1560189600,1560193199,18.73,18.77,18.66,18.68,393.793163
1560193200,1560196799,18.68,18.77,18.67,18.7,664.58072
1560196800,1560200399,18.76,18.76,18.52,18.62,1140.766213
1560200400,1560203999,18.56,18.93,18.56,18.77,1375.014933
1560204000,1560207599,18.86,18.99,18.83,18.92,672.806605
1560207600,1560211199,18.92,19.01,18.88,18.9,461.234403
